Imie;Nazwisko;Miasto;Ulica
Jan;Nowak;Kraków,Grzegórzecka 34
Jan;Nowak;Kraków,Grzegórzecka 34
Jan;Nowak;Kraków,Grzegórzecka 34
Jan;Nowak;Kraków,Grzegórzecka 34
Jan;Nowak;Kraków,Grzegórzecka 34
Jan;Nowak;Kraków,Grzegórzecka 34
Marian;Nowak;Krakow;Zielony Most 8
Marian;Nowak;Krakow;Zielony Most 8
Marian;Nowak;Krakow;Zielony Most 8
Marian;Nowak;Krakow;Zielony Most 8
Marian;Nowak;Krakow;Zielony Most 8
Marian;Nowak;Krakow;Zielony Most 8
Marian;Nowak;Krakow;Zielony Most 8
Marian;Nowak;Krakow;Zielony Most 8
Marian;Nowak;Krakow;Zielony Most 8
Marian;Nowak;Krakow;Zielony Most 8
Marian;Nowak;Krakow;Zielony Most 8
Marian;Nowak;Krakow;Zielony Most 8
Marian;Nowak;Krakow;Zielony Most 8
Marian;Nowak;Krakow;Zielony Most 8
